id,lc_name,name,url,reclaim_vat,vat_number,customer_service_email,qty_limit,order_limit,allow_resellers,vat_invoice_info,info
1,365 Games,365 Games,https://365games.co.uk/,Yes,GB419047401,contactus@365games.co.uk,,,,contact customer service,
2,7 Day Shop,7 Day Shop,https://www.7dayshop.com,Unknown,,support@7dayshop.com,,,,Order page,
3,A Place For Everything,A Place For Everything,https://www.aplaceforeverything.co.uk,Unknown,GB821678420,info@aplaceforeverything.co.uk,,,,,
4,A1 Toys,A1 Toys,https://a1toys.com/,Unknown,GB162595588,customerservice@a1toys.com,,,,,
5,Adidas,Adidas,https://www.adidas.co.uk,Unknown,GB468171526,,,,,,
6,Advanced Mp3 Players,Advanced MP3 Players,https://www.advancedmp3players.co.uk,Unknown,GB790281912,sales@advancedmp3players.co.uk,,,,Download from Order Page,
7,Affordable Nutrition,AFFORDABLE NUTRITION,https://www.affordablenutrition.co.uk,Unknown,,https://www.affordablenutrition.co.uk/contact-us/,,,,,
8,Aldi,ALDI,https://www.aldi.co.uk/,Unknown,GB813053468,https://help.aldi.co.uk/s/contact-form-online,,,,,
9,Alfresia,ALFRESIA,https://www.alfresia.co.uk/,Unknown,,support@alfresia.co.uk,,,,,
10,Alive And Dirty,ALIVE AND DIRTY,https://www.aliveanddirty.co.uk,Unknown,GB833912722,customerservice@aliveanddirty.co.uk,,,,Download from order page,
11,All Beauty,ALL BEAUTY,https://www.allbeauty.com,Unknown,,,,,,Contact Customer Support,
12,Alliance Online,ALLIANCE ONLINE,https://www.allianceonline.co.uk,Unknown,GB736619412,hello@​allianceonline.co.uk,,,,Email customer service,
13,All Outdoor,ALL OUTDOOR,https://www.alloutdoor.com/,Unknown,,,,,,,
14,Amara,AMARA,https://www.amara.com,Unknown,,,,,,,
15,Amazon,AMAZON,www.amazon.co.uk,Yes,GB727255821,https://www.amazon.co.uk/hz/contact-us/,No limit unless Amazon set one,3 orders per billing/delivery address for items on sale,true,Download from order page,When item goes on sale you can generally order only 3 times from 3 different accounts to the same billing/delivery address
16,American Golf,AMERICAN GOLF,https://www.americangolf.co.uk/,Unknown,GB308920406,https://aftersales.americangolf.co.uk,,,,,
17,Amos,AMOS,https://www.amos.co.uk/,Unknown,,https://amos.co.uk/pages/contact-us-1,,,,,
18,Angling,ANGLING,https://www.anglingdirect.co.uk/,Unknown,GB152140945,support@anglingdirect.co.uk,,,,,
19,Animed,ANIMED,https://www.animeddirect.co.uk/,Unknown,GB737145235,support@animeddirect.co.uk,,,,email invoice on the order confirmation,
20,Ao,AO,https://www.ao.com/,Yes,GB945698169,customerservices@ao-business.com,None,None,true,Download from order page,
21,Aosom,AOSOM,https://www.aosom.co.uk/,Unknown,GB103973325,service@aosom.co.uk,,,,contact the customer service center if you need an invoice in the electronic edition.,
22,Approved Food,APPROVED FOOD,https://www.approvedfood.co.uk,Unknown,GB721641069,cs@approvedfood.co.uk,,,,Contact  Customer Service,
23,Argos,ARGOS,https://www.argos.co.uk/,Yes,GB660454836,https://www.argos.co.uk/help/contact-us,None,None,true,"View E-receipt from Order page and provide information (Name,Company Name and Address). VAT E-receipt will be sent thru email shortly.",
24,Asda,ASDA,https://www.asda.com/,Unknown,GB362012792,https://asda-stores.custhelp.com/app/ask_asda_store_bought,,,,Email Customer Service,
25,Ask Direct,ASK DIRECT,https://www.askdirect.co.uk,Unknown,GB987129473,sales@askdirect.co.uk,,,,an invoice will be sent as an attachment with your Order Confirmation email to the email address that you provide.,
26,Asos,ASOS,https://www.asos.com/us/women/,Unknown,GB318425605,https://www.asos.com/customer-care/,,,,contact Customer Care Team with your VAT number and order no.,
27,Auna,AUNA,https://www.auna-multimedia.co.uk/,Unknown,DE814529349,https://www.auna-multimedia.co.uk/en/contact/,,,,contact Customer Service,
28,Austins,AUSTINS,https://www.austins-uk.com/,Unknown,GB140743588,sales@austins-uk.com,,,,only invoice provided is the one that is included with your order upon dispatch,
29,B&M,B&M,https://www.bmstores.co.uk/,Unknown,GB673583601,https://support.bmstores.co.uk/hc/en-gb,,,,retailer do not transact online,
30,B&Q,B&Q,https://www.diy.com/,Unknown,GB232555575,,,,,please call our general enquiries line on 0333 014 3098.,
31,Baababy,BAABABY,https://www.baababy.co.uk/,Unknown,,baa@baababy.co.uk,,,,email customer support,
32,Babys Mart,BABYS MART,https://www.babys-mart.co.uk,Unknown,GB357997578,sales@babys-mart.co.uk,,,,"Orders section on the website, or by checking the order confirmation email we send you once an order has been placed.",
33,Bargain Fox,BARGAIN FOX,https://bargainfox.com,Unknown,GB132656618,hello@bargainfox.com,,,,download from Order page,
34,Bargain Max,BARGAIN MAX,https://www.bargainmax.co.uk,Yes,GB136587975,support@bargainmax.co.uk,None,None,true,Email Supplier,
35,Bargain Buys,BARGAIN BUYS,https://www.bargainbuysforbusymums.co.uk/,Unknown,,https://www.bargainbuysforbusymums.co.uk/contact,,,,,
36,Barnitts,BARNITTS,https://www.barnitts.co.uk/,Unknown,,websales@barnitts.co.uk,,,,Contact Customer Service,
37,Base,BASE,https://www.base.com/,Unknown,,,,,,Order page,
38,Beanie Games,BEANIE GAMES,https://www.beaniegames.co.uk/,Unknown,GB186257085,https://www.beaniegames.co.uk/contact-us-i3,,,,A VAT invoice is enclosed with your package and can also be accessed from your account page on our website. If you are unable to locate the VAT invoice then please email us and we will arrange for a copy to emailed over.,
39,Beauty Bay,BEAUTY BAY,https://www.beautybay.com,Unknown,GB927197591,customer.services@beautybay.com,,,,email customer service,
40,Beauty Boat,BEAUTY BOAT,https://beautyboat.com,Unknown,,info@beautyboat.com,,,,,
41,Beauty Outlet,BEAUTY OUTLET,https://www.beautyoutlets.co.uk,Unknown,GB187856052,cs@beautyoutlets.co.uk,,,,Email Customer Service,
42,Beauty Bay,BEAUTY BAY,https://www.beautybay.com/,Unknown,,,,,,Email Customer Service,
43,Beauty Expert,BEAUTY EXPERT,https://www.beautyexpert.com/,Unknown,,https://www.beautyexpert.com/help-centre.list,,,,Contact Customer service,
44,Beauty Flash,BEAUTY FLASH,https://www.beautyflash.co.uk/,Unknown,,https://www.beautyflash.co.uk/contact,,,,Invoice will be sent thru email once order has been dispatched,
45,Beauty Kit,BEAUTY KIT,https://www.beautykit.co.uk/,Unknown,,https://www.beautykit.co.uk/contacts/,,,,,
46,Better Vits,Better Vits,https://bettervits.co.uk/,No,GB395814455,care@bettervits.co.uk,3,1 Per Day Recommended,false,They wont issue one unless you are proven to not be reselling and are in the fitness/health industry,"Do not like resellers, will threaten to hold your money (and will actually do it if your a repeat offender) if you order and they think you are a reseller. Stay under the radar if you plan on ordering"
47,Beyond Beautiful,BEYOND BEAUTIFUL,https://www.beyondbeautiful.com,Unknown,GB904535144,support@treatyourskin.com,,,,"dispatched VAT invoices are available, you can download this or we can send it to you a a PDF",
48,Bhl,BHL,https://bhl.co.uk/,Unknown,GB173123979,sales@bhl.co.uk,,,,email customer service,
49,Big Green Smile,BIG GREEN SMILE,https://www.biggreensmile.com,Unknown,GB879296060,customerservices@biggreensmile.com,,,,Invoice sent thru email or download in Order Page,
50,Big On Electricals,BIG ON ELECTRICALS,https://www.electricalsonline.co.uk,Unknown,,https://www.electricalsonline.co.uk/contact,,,,"Invoice sent thru email ",
51,Bitiba,BITIBA,https://www.bitiba.co.uk/,Unknown,DE249236792,https://support.bitiba.co.uk/en/support/home,,,,invoice will be sent thru email or under Order section,
52,Bits And Pieces,BITS AND PIECES,https://www.bitsandpiecesuk.co.uk,Unknown,,customerserviceuk@bitsandpieces.com,,,,,
53,Bodybuilding,BODYBUILDING,https://uk.shop.bodybuilding.com,Unknown,,,,,,,
54,Body Shop,BODY SHOP,https://www.thebodyshop.com/,Unknown,GB543938615,https://support-gb.thebodyshop.com/hc/en-gb,,,,Go to chat box and request for invoice,
55,Boots,BOOTS,https://www.boots.com/,Yes,GB116300129,https://www.boots.com/contact-us,,,false,"Will issue VAT invoices but will make you wait, might have to chase them",
56,Bosch,BOSCH,https://www.bosch-home.co.uk/,Unknown,GB108311845,https://www.bosch-home.co.uk/customer-service/contact-us,,,,,
57,Box,BOX,https://www.box.co.uk/,Unknown,GB177912768,https://www.box.co.uk/contact-us,,,,invoice will be sent via email once item has been purchased,
58,Brand Alley,BRAND ALLEY,https://www.brandalley.co.uk/,Unknown,GB923329922,https://help.brandalley.co.uk/hc/en-gb,,,,,
59,Brand Interiors,BRAND INTERIORS,https://www.brandinteriors.co.uk/,Unknown,GB938402419,https://www.brandinteriors.co.uk/contact/,,,,,
60,Bt Shop,BT SHOP,https://shop.bt.com/,Unknown,GB245719348,enquire-store@ee.co.uk,,,,A VAT invoice will be sent via email and this can also be found in your account online,
61,Build A Bear,BUILD A BEAR,https://www.buildabear.co.uk,Unknown,,https://www.buildabear.co.uk/contact-us.html,,,,,
62,Calendar Club,CALENDAR CLUB,https://www.calendarclub.co.uk,Unknown,GB717850029,customerservices@calendarclub.co.uk,,,,contact Customer Services,
63,Campus Gifts,CAMPUS GIFTS,https://www.campusgifts.co.uk,Unknown,GB697782359,customerservice@campusgifts.co.uk,,,,receipt  will be sent via email or under Receipt Page,
64,Capital Hair,CAPITAL HAIR,https://www.capitalhairandbeauty.co.uk/,Unknown,GB620666648,customerservice@capitalhb.co.uk,,,,Download from Invoices in My Account section,
65,Cassart,CASSART,https://www.cassart.co.uk,Unknown,GB429592223,cassartcare@cassart.co.uk,,,,Download from Order page,
66,Chaos Cards,CHAOS CARDS,https://www.chaoscards.co.uk/,Unknown,GB944234526,https://www.chaoscards.co.uk/contact-us,,,,"Download from Order page or request invoice thru customer service ",
67,Charlies,CHARLIES,https://www.charlies.co.uk/,Unknown,,https://www.charlies.co.uk/contact,,,,contact Customer Service,
68,Charlotte,CHARLOTTE,https://www.charlottetilbury.com/,Unknown,GB267552869,https://help.charlottetilbury.com/hc/en-us/requests/new,,,,contact Customer Service,
69,Chemist4U,CHEMIST4U,https://www.chemist-4-u.com/,Unknown," GB140138454",https://support.chemist-4-u.com/hc/en-gb,,,,request from Customer Support,
70,Chemist Direct,CHEMIST DIRECT,http://www.chemistdirect.co.uk/,Unknown,GB734375427,https://www.chemistdirect.co.uk/contact,,,,invoice will be sent thru email,
71,Choice Furniture,CHOICE FURNITURE,https://www.choicefurnituresuperstore.co.uk/,Unknown,GB303256343,customerservice@cfsonline.co.uk,,,,"invoice forwarded to delivery; request thru customer service ",
72,Clifton Cameras,CLIFTON CAMERAS,https://www.cliftoncameras.co.uk/,Unknown,GB793819867,https://www.cliftoncameras.co.uk/Clifton-Cameras-%7C-Contact-Us,,,,invoice will be sent thru email,
73,Cocoon Center,COCOON CENTER,https://www.cocooncenter.co.uk,Yes,GB171877182,customer.service@cocooncenter.co.uk,,,,invoice will be sent thru email,
74,Coffeesup,COFFEESUP,https://www.coffeesuppliesdirect.co.uk/,Unknown,GB884109606,https://www.coffeesuppliesdirect.co.uk/pages/contact-us,,,,Invoice will be sent thru email,
75,Coggles,COGGLES,https://www.coggles.com/,Unknown,,https://www.coggles.com/c/help-centre/,,,,,
76,Concept,CONCEPT,https://www.concepthousewares.co.uk/,Unknown,,https://concepthousewares.co.uk/contactus,,,,,
77,Coolshop,COOLSHOP,https://www.coolshop.co.uk/,Unknown,GB280358106,info@coolshop.co.uk,,,,invoice will be sent thru email,
78,Coopers,COOPERS,https://www.coopersofstortford.co.uk/,Unknown,,https://www.coopersofstortford.co.uk/contact-us/,,,,,
79,Cosmeterie,COSMETERIE,https://www.cosmeterie.co.uk,Unknown,,uk@cosmeterie.com,,,,Choose option upon check-out: invoice thru email or send invoice with the order,
80,Cosmetify,COSMETIFY,https://www.cosmetify.com/,Unknown,,https://www.cosmetify.com/contact/,,,,"Request thru your account by selecting, ""Request Invoice"" in the options. It will be then sent thru email",
81,Costco,COSTCO,https://www.costco.co.uk/,Unknown,GB650186252,https://customercare.costco.co.uk/app/answers/list/c/147,,,,Download from Order page,
82,Costway,COSTWAY,https://www.costway.co.uk/,Unknown,,cs.uk@costway.com,,,,Email Customer Service,
83,Cpc,CPC,https://cpc.farnell.com/,Unknown,,sales@cpc.co.uk,,,,go to Request an invoice form,
84,Crampton,CRAMPTON,https://www.cramptonandmoore.co.uk/,Unknown,GB308014401,https://www.cramptonandmoore.co.uk/contact,,,,chat support,
85,Cult Beauty,CULT BEAUTY,https://www.cultbeauty.co.uk,Unknown,,https://www.cultbeauty.co.uk/help-centre.list,,,,"contact the Customer Service team via the 'Still need help?' section ",
86,Currys,CURRYS,https://www.currys.co.uk/,Unknown,GB226659933,https://www.currys.co.uk/help-and-support.html#contact,,,,"Send invoice thru email; chat support ",
87,Debenhams,DEBENHAMS,https://www.debenhams.com/,Unknown,,customerservices@debenhams.co.uk,,,,,
88,Decathlon,DECATHLON,https://www.decathlon.co.uk/,Unknown,GB679262296,https://www.decathlon.co.uk/help/app/ask,,,,,
89,Delonghi,DELONGHI,https://www.delonghi.com/,Unknown,GB486989749,,,,,,
90,Dermal Sense,Dermal Sense,https://www.dermalsense.com/en,Unknown,GB608811541,https://www.dermalsense.com/contact-us,,,,invoice will be sent thru email,
91,Direct Golf,DIRECT GOLF,https://www.directgolf.co.uk,Unknown,GB777379662,https://help.directgolf.co.uk/en/support/home,,,,invoice will be sent thru email,
92,Discount Leisure Products,DISCOUNT LEISURE PRODUCTS,https://www.discountleisureproducts.co.uk,Unknown,GB425572353,https://www.discountleisureproducts.co.uk/contact-us-i3,,,,invoice will be sent thru email,
93,Discount Golf,DISCOUNT GOLF,https://www.discountgolfstore.co.uk/,Unknown,GB233999367,orders@discountgolfstore.co.uk,,,,Email Customer Service,
94,Discount Pet,DISCOUNT PET,https://discountpetfood.co.uk/,Unknown,,sales@discountpetfood.co.uk,,,,,
95,Discount Supplies,Discount Supplies,https://www.discount-supplements.co.uk/,Unknown,,louis.cook@discount-supplements.co.uk,,,,email customer service,
96,Disney,DISNEY,https://www.shopdisney.co.uk/,Unknown,GB539293808,https://support.shopdisney.co.uk/hc/en-gb/requests/new?onlineWebFormTag=web_en-gb_disney_store_help,,,,"Fill up Order Query form , Category VAT Receipt Request",
97,Drink Stuff,DRINK STUFF,https://www.drinkstuff.com/,Unknown,GB188085175,hello@drinkstuff.com,,,,Download from Order Page,
98,Dunelm,DUNELM,https://www.dunelm.com/,Unknown,GB818284021,https://www.dunelm.com/contact-us,,,,Go to Contact Us and fill up form. Choose in drop down Subject: I would like a VAT receipt for my order,
99,Duracell,DURACELL,https://www.duracelldirect.co.uk/,Unknown,GB221036269,https://www.duracelldirect.co.uk/info/contact.html,,,,,
100,Early Learning Centre,EARLY LEARNING CENTRE,https://www.elc.co.uk/,Unknown,GB285200909,https://theentertainer.zendesk.com/hc/en-gb/requests/new?ticket_form_id=360003026918,,,,"contact Customer Service https://www.thetoyshop.com/contactus ",
101,Easy Para,EASY PARA,https://www.easypara.co.uk/,Unknown,FR06499531457,customerservice@easyparapharmacie.com,,,,Download from Order Page,
102,Ebuyer,EBUYER,https://www.ebuyer.com/,Unknown,GB836592300,https://static.ebuyer.com/customer/help/index.html?action=Y29udGFjdF91cw==,,,,Download from Order Page,
103,Eclispe Cards,ECLISPE CARDS,https://eclipsecards.com/,Unknown,GB380417210,https://eclipsecards.com/pages/contact,,,,request thru chat support,
104,Ecook,ECOOK,https://www.ecookshop.co.uk/ecookshop/cook-shop.asp,Unknown,GB174476929,https://www.ecookshop.co.uk/ecookshop/other/contact.asp,,,,Invoice will be sent thru email once order has been dispatched,
105,Elc,ELC,https://www.elc.co.uk/,Unknown,,,,,,Fill out Contact Us form,
106,Electrical Discount Uk,Electrical Discount UK,https://www.electricaldiscountuk.co.uk/,Unknown,GB179959186,https://www.electricaldiscountuk.co.uk/contact,,,,Invoices are sent via email when the item is dispatched.,
107,Elfcos,ELFCOS,https://www.elfcosmetics.co.uk/,Unknown,GB401320764,https://www.elfcosmetics.co.uk/contact-us,,,,Invoice inside the package,
108,Escentual,ESCENTUAL,https://www.escentual.com/,Unknown,GB433288155,https://www.escentual.com/help-and-advice/customer-services/contact-us/,,,,Invoice will be sent thru email once order has been placed,
109,Esedirect,ESEDIRECT,https://www.esedirect.co.uk/,Unknown,GB287826210,https://www.esedirect.co.uk/t-contact.aspx,,,,Invoice will be sent thru email once order has been dispatched,
110,Ethical Superstore,ETHICAL SUPERSTORE,https://www.ethicalsuperstore.com,Unknown,,https://www.ethicalsuperstore.com/contact-us/,,,,email customer service to request an invoice,
111,Euro Office,EURO OFFICE,https://www.euroffice.co.uk,Unknown,GB100116692,https://www.euroffice.co.uk/contact-us,,,,Invoice will be sent through email within 48hours; download invoice from Order Page,
112,Euroffice,EUROFFICE,https://www.euroffice.co.uk/,Unknown,,,,,,Invoice will be sent through email within 48hours; download invoice from Order Page,
113,Faith Jewellers,faith jewellers,https://www.faithjewellers.co.uk/,Unknown,GB998044668,sales@faithjewellers.co.uk,,,,Invoice enclosed to package upon delivery,
114,Farnell,FARNELL,https://uk.farnell.com/,Unknown,GB169680322,support@farnell.com,,,,Invoice will be sent through email once order has been dispatched,
115,Feelunique,FEELUNIQUE,https://www.feelunique.com/,Unknown,GB113948805,https://www.feelunique.com/help/article.php?id=207521079-Contact-us,,,,,
116,Festive Lights,FESTIVE LIGHTS,https://www.festive-lights.com/,Unknown,GB864281901,https://support.festive-lights.com/support/tickets/new,,,,"Download from order page, if you checked out as a guest, go to Contact Us for a VAT Invoice ",
117,Flannels,FLANNELS,https://www.flannels.com/,Unknown,GB231508733,https://help.flannels.com/en/support/home,,,,Invoice will be sent through email once order has been processed,
118,Fleurtations,FLEURTATIONS,https://www.fleurtations.uk.com/,Unknown,,info@fleurtations.uk.com,,,,Invoice will be sent through email once order has been dispatched or Download from Order Page,
119,Foot Locker,FOOT LOCKER,https://www.footlocker.co.uk/,Unknown,GB545256538,https://help.footlocker.eu/hc/en-gb/requests/new,,,,Request from Customer Care,
120,Forbidden,FORBIDDEN,https://forbiddenplanet.com/,Unknown,,https://forbiddenplanet.com/contact/form/,,,,Email Customer Service,
121,Fragrance Direct,FRAGRANCE DIRECT,https://www.fragrancedirect.co.uk/,Unknown,GB611384368,https://www.fragrancedirect.co.uk/help-centre.list,,,,,
122,Fragrance Shop,FRAGRANCE SHOP,https://www.thefragranceshop.co.uk,Unknown,,https://thefragranceshop.zendesk.com/hc/en-gb/requests/new,,,,Email customer service,
123,Funko Europe,FUNKO EUROPE,https://funkoeurope.com,Unknown,,supportemea@funko.com,,,,"cannot proceed with inquiry, need order #",
124,The Game Collection,The Game Collection,https://www.thegamecollection.net/,Unknown,GB862311250,support@thegamecollection.net,,,,email customer service to request an invoice,
125,George,GEORGE,"https://global.direct.asda.com/george/clothing/10,default,sc.html",Unknown,GB362012792,,,,,Manage your Order page and click email to send your email copy of invoice,
126,Glow,GLOW,https://www.glow.co.uk/,Unknown,GB817562908,https://www.glow.co.uk/contact-us.html,,,,"copy of the invoices that are sent out with an orde or  email Customer Service to get a PDF copy ",
127,Gopro,GOPRO,https://gopro.com/,Unknown,GB218378686,https://gopro.com/help/ContactUs,,,,,
128,Gordons,GORDONS,https://gordonsdirect.com/,Unknown,GB809823509,https://gordonsdirect.com/pages/contact-us,,,,Invoice will be sent in the order confirmation email,
129,Gorg,GORG,https://www.gorgeousshop.com/,Unknown,GB898035187,https://www.gorgeousshop.com/contact,,,,Invoice will be sent thru email after item has been dispatched,
130,Guru Makeup Emporium,GURU MAKEUP Emporium,https://www.gurumakeupemporium.com/,Unknown,GB938789154,orders@gurumakeupemporium.com,,,,VAT invoices are provided when you place orders and a hard copy is enclosed with the goods.,
131,Halfords,HALFORDS,https://www.halfords.com/,Unknown,GB797077669,https://www.halfords.com/customer-services/contact-us,,,,Invoice will be sent thru email after item has been dispatched,
132,Hamleys,HAMLEYS,https://www.hamleys.com/,Unknown,GB510438189,customerservices@hamleys.co.uk,,,,request thru Customer Service,
133,Harrisons,HARRISONS,https://www.harrisonsdirect.co.uk/,Unknown,,sales@harrisonsdirect.co.uk,,,,Email Customer Service,
134,Hit,HIT,https://www.hit.co.uk,Unknown,GB768485372,help@hit.co.uk,,,,Email Customer Service,
135,Hive,HIVE,https://www.hivehome.com/,Unknown,GB444950437,https://www.hivehome.com/contact-us,,,,,
136,Hobby Craft,HOBBY CRAFT,https://www.hobbycraft.co.uk/,Unknown,GB974990653,https://www.hobbycraft.co.uk/help-centre/customer-services/cp-contact-us.html#,,,,Your delivery dispatch or collection confirmation email will act as a VAT invoice. The Hobbycraft VAT number is 974990653.,
137,Hogies Online,HOGIES ONLINE,https://hogiesonline.co.uk,Unknown,,info@hogiesonline.co.uk,,,,invoice will be sent in the parcel and VAT invoice we can send to your email address once requested,
138,Holland & Barrett,HOLLAND & BARRETT,https://www.hollandandbarrett.com,Unknown,GB211727395,https://help.hollandandbarrett.com/hc/en-gb/requests/new,,,,Download from Order page,
139,Home Bargains,HOME BARGAINS,https://www.homebargains.co.uk/,Unknown,GB320093700,,,,,,
140,Home Essentials,HOME ESSENTIALS,https://www.homeessentials.co.uk,Unknown,GB148879603,https://support.homeessentials.co.uk/hc/en-gb/requests/new,,,,chat support or email,
141,Homebase,HOMEBASE,https://www.homebase.co.uk/,Unknown,GB233112755,https://help.homebase.co.uk/hc/en-gb/requests/new,,,,"Fill out Contact Form ",
142,Housefraser,HOUSEFRASER,https://www.houseoffraser.co.uk/,Unknown,GB301985996,https://help.houseoffraser.co.uk/en/support/home,,,,Invoice will be sent thru email when order has been processed,
143,Howleys Toys,HOWLEYS TOYS,https://www.howleys.co.uk,Unknown,GB824599493,https://www.howleys.co.uk/contact-us/,,,,Email Customer Service,
144,Hqhair,HQHAIR,https://www.hqhair.com/,Unknown,GB405134538,https://www.hqhair.com/help-centre.list,,,,,
145,Hyperdrug,HYPERDRUG,https://hyperdrug.co.uk/,Unknown,GB601882062,https://hyperdrug.co.uk/contact/,,,,A full paper cat invoice is included with your order,
146,Iceland,ICELAND,https://www.iceland.co.uk/,Unknown,,,,,,,
147,Iherb,IHERB,https://uk.iherb.com/,Unknown,,https://uk.iherb.com/help/contact,,,,Download from order page,
148,Ikea,IKEA,https://www.ikea.com/gb/en/,Unknown,GB527773320,https://www.ikea.com/gb/en/customer-service/contact-us/,,,,Invoice will be sent thru email,
149,Iwoot,IWOOT,https://www.iwantoneofthose.com/,Unknown,GB974860768,https://www.iwantoneofthose.com/help-centre.list,,,,,
150,Jarrold,JARROLD,https://www.jarrold.co.uk,Unknown,GB651059646,online@jarrolds.co.uk,,,,email customer service to request an invoice,
151,Jdsports,JDSPORTS,https://www.jdsports.co.uk/,Unknown,GB787440102,https://www.jdsports.co.uk/customer-service/contact/,,,,Fill out contact us form,
152,Jdwill,JDWILL,https://www.jdwilliams.co.uk/,Unknown,GB148879603,https://support.jdwilliams.co.uk/hc/en-gb/requests/new,,,,Download from order page,
153,Jigsawsuk,JIGSAWSUK,https://www.jigsawsuk.co.uk/,Unknown,,https://www.jigsawsuk.co.uk/contact-us/,,,,contact customer support,
154,John Lewis,JOHN LEWIS,https://www.johnlewis.com,Unknown,GB232457280,,,,,Download from order page,
155,Jollyes,JOLLYES,https://www.jollyes.co.uk/,Unknown,GB229224766,https://jollyesthepetpeople.zohodesk.eu/portal/en/newticket,,,,Invoice will be sent thru email,
156,Just Hype,JUST HYPE,https://uk.justhype.com,Unknown,GB153483115,https://uk.justhype.com/pages/contact,,,,Email Customer Support,
157,Just My Look,JUST MY LOOK,https://www.justmylook.com,Yes,GB179003215,https://www.justmylook.com/contact-us-faqs-i3,None,None,true,Download from order page,No order or quantity limits
158,Kapow Toys,KAPOW TOYS,https://www.kapowtoys.co.uk,Unknown,GB948221025,https://www.kapowtoys.co.uk/contact.html,,,,Email Customer Service,
159,Kerrison Toys,KERRISON TOYS,https://www.kerrisontoys.co.uk,Unknown,,https://www.kerrisontoys.co.uk/contact-us,,,,,
160,Kids Stuff Toys,KIDS STUFF TOYS,https://www.kidsstufftoys.co.uk,Unknown,GB840769604,info@kidsstufftoys.co.uk,,,,,
161,Kiehls,KIEHLS,https://www.kiehls.co.uk/,Unknown,GB438506540,https://www.kiehls.co.uk/customer-service/contact-us-form.html,,,,Invoice will be sent thru email (do not allow to resend invoice),
162,Kiyo Beauty,KIYO BEAUTY,https://www.kiyobeauty.com,Unknown,,https://www.kiyobeauty.com/pages/contact-us,,,,Invoice link sent thru email,
163,Lancome,LANCOME,https://www.lancome.co.uk/,Unknown,GB438506540,https://www.lancome.co.uk/customer-service/contact-us.html,,,,Invoice will be sent thru email,
164,Landys,LANDYS,https://www.landyschemist.com/,Unknown,GB370982528,info@landyschemist.com,,,,Email Customer Service,
165,Led Hut,LED HUT,https://ledhut.co.uk,Unknown,GB927173808,https://ledhut.co.uk/pages/contact-us,,,,Email Customer Service,
166,Lego,LEGO,https://www.lego.com/en-gb,Unknown,GB121472057,https://www.lego.com/en-gb/service/contact-us,See product page,Only order once,true,Contact customer services https://www.lego.com/en-gb/service/email-us/choose-topic,"Do NOT exceed the quantity limits with multiple orders, like wise do not create multiple accounts or they will ban you for life."
167,Lindt,LINDT,https://www.lindt.co.uk/,Unknown,IE9952239C,https://www.lindt.co.uk/contact-us,,,,Email Customer service,
168,Little Chic,LITTLE CHIC,https://www.littlechic.co.uk/,Unknown,GB369267747,https://www.littlechic.co.uk/index.php?route=information/contact,,,,Email Customer Service,
169,Littlewoods,LITTLEWOODS,https://www.littlewoods.com,Unknown,GB163769628,,,,,,
170,Longacres,LONGACRES,https://www.longacres.co.uk,Unknown,,customerservices@longacres.co.uk,,,,VAT receipt please note this on the comments box of the order,
171,Look Fantastic,Look Fantastic,https://www.lookfantastic.com/,Yes,GB396453358,Open ticket https://www.lookfantastic.com/help-centre.list,6 Per Order,No Limit,true,Open ticket on order page to get VAT invoice,"Some brands have limited qty per order, however can order as many times as you like"
172,Lookinc,LOOKINC,https://lookincredible.co.uk/,Unknown,,help@lookincredible.co.uk,,,,Email Customer Service,
173,Lost Universe,LOST UNIVERSE,https://www.menkind.co.uk,Unknown,GB945794274,https://www.menkind.co.uk/contact,,,,Email customer service,
174,Magicmad,MAGICMAD,https://magicmadhouse.co.uk/,Unknown,GB915431344,https://magicmadhouse.co.uk/contact-form/,,,,Download from Order Page,
175,Maisonwhite,MAISONWHITE,https://www.maisonwhite.co.uk/,Unknown,GB378643844,contact@maisonwhite.co.uk,,,,Contact customer support,
176,Mandm Direct,MANDM DIRECT,https://www.mandmdirect.com,Unknown,GB299152660,https://help.mandmdirect.com/hc/en-gb/articles/12712318048274-Contact-Us,,,,Email Customer Service,
177,Mankind,MANKIND,https://www.mankind.co.uk,Unknown,,https://www.mankind.co.uk/help-centre.list,,,,Invoice will be sent thru email once order has been dispatched,
178,Manukadoctor,MANUKADOCTOR,https://www.manukadoctor.co.uk/,Unknown,GB122223764,https://www.manukadoctor.co.uk/pages/contact,,,,email customer service to request an invoice,
179,Maplin,MAPLIN,https://www.maplin.co.uk,Unknown,,https://help.maplin.co.uk/en-US/contact,,,,Email Customer Service,
180,Marks,MARKS,https://markselectrical.co.uk/,Unknown,GB425156314,https://markselectrical.co.uk/help/query-order,,,,Go to Help with our current orders and fill out form,
181,Medino,MEDINO,https://www.medino.com,Unknown,GB280678768,info@medino.com,,,,email customer service to request an invoice,
182,Menkind,MENKIND,https://www.menkind.co.uk/,Unknown,,,,,,email customer service to request an invoice,
183,Merlincycles,MERLINCYCLES,https://www.merlincycles.com/,Unknown,GB604764933,sales@merlincycles.com,,,,email customer service to request an invoice,
184,Mifarma,MIFARMA,https://www.mifarma.co.uk/,Unknown,,https://soporte.mifarma.es/hc/en-gb/requests/new,,,,Email customer service to request an invoice,
185,Morrisons,MORRISONS,https://groceries.morrisons.com/,Unknown,GB343475355,,,,,email customer service to request an invoice,
186,Mountaindog,MOUNTAINDOG,https://www.mountaindog.uk/,Unknown,GB308879951,bark@mountaindog.uk,,,,Email customer service to request an invoice,
187,My Memory,MY MEMORY,https://www.mymemory.com,Unknown,,support@mymemory.com,,,,Email customer service to request an invoice,
188,Myprotein,MYPROTEIN,https://www.myprotein.com,Unknown,,https://www.myprotein.com/help-centre.list,,,,request thru Customer Service,
189,Neal'Syard,NEAL'SYARD,https://www.nealsyardremedies.com/,Unknown,GB873024141,https://www.nealsyardremedies.com/pages/contact,,,,,
190,Nevisport,NEVISPORT,https://www.nevisport.com/,Unknown,GB916591407,orders@nevisport.com,,,,Email customer service to request an invoice,
191,Next,NEXT,https://www.next.co.uk,Unknown,GB179765890,https://zendesk.next.co.uk/hc/en-gb/requests/new?ticket_form_id=1900000076813,,,,"fill out Contact Us form ",
192,Victoria Secret,Victoria Secret,https://www.victoriassecret.co.uk/,Unknown,GB 179765890,https://customercare.victoriassecret.com/s/,,,,invoice enclosed at the package,
193,Nike,NIKE,https://www.nike.com/gb/,Unknown,GB636510746,https://www.nike.com/gb/help/#contact,None,None,true,Invoice sent to email after dispatch,
194,Nisbets,NISBETS,https://www.nisbets.co.uk,Unknown,GB974803000,,,,,Download from order page,
195,No7Uk,NO7UK,https://www.no7beauty.co.uk/,Unknown,GB240430259,,,,,Download from order page,
196,Notino,NOTINO,https://www.notino.co.uk/,Unknown,GB241003276,info@notino.co.uk,,,,Download from order page,
197,Nvspharmacy,NVSPHARMACY,https://www.nvspharmacy.co.uk/,Unknown,GB627702637,enquiries@nvspharmacy.co.uk,,,,,
198,Ocado,OCADO,https://www.ocado.com/,Unknown,GB370740407,https://help.ocado.com/hc/en-us/requests/new,,,,"Invoice will be sent thru email or Download from order page ",
199,Online Pound Store,ONLINE POUND STORE,https://www.onlinepoundstore.co.uk,Unknown,GB305679741,,,,,Email Customer Service after order has been dispatched,
200,Online4Baby,ONLINE4BABY,https://www.online4baby.com/,Unknown,GB855775378,Hello@online4baby.com,,,,Email Customer Service,
201,Parfumdreams,PARFUMDREAMS,https://www.parfumdreams.co.uk,No,DE813307548,https://www.parfumdreams.co.uk/Contact,,,true,"Not 100% sure can claim VAT, company is foreign.",
202,Parkc,PARKC,https://www.parkcameras.com/,Unknown,GB315944158,sales@parkcameras.com,,,,Invoice is sent out with the order,
203,Partmaster,PARTMASTER,https://www.partmaster.co.uk,Unknown,GB232555575,https://www.partmaster.co.uk/general-enquiry/customer-services.pl,,,,Chat support,
204,Perfumeshop,PERFUMESHOP,https://www.theperfumeshop.com/,Unknown,GB582839203,help@theperfumeshop.com,,,,Chat support,
205,Perfumes Club,Perfumes Club,https://www.perfumesclub.co.uk/,Unknown,,team@perfumesclub.co.uk,,,true,Unsure on VAT invoice...Seems to show VAT on the invoice but they do not have a UK VAT number,"Normally limited to 6 units per item. Never been cancelled. Free delivery when spending over £134.99 "
206,Petconnection,PETCONNECTION,https://www.petconnection.ie/,Unknown,GB798785042,https://www.petconnection.ie/PBCPPlayer.asp?ID=1880944&PGFLngID=1,,,,Chat support,
207,Petdrugs,PETDRUGS,https://www.petdrugsonline.co.uk/,Unknown,GB115141658,https://www.petdrugsonline.co.uk/contact,,,,"Invoice will be sent thru email ",
208,Petplanet,PETPLANET,https://www.petplanet.co.uk/,Unknown,,https://www.petplanet.co.uk/Contact.aspx,,,,Email Customer Service,
209,Pets At Home,PETS AT HOME,https://www.petsathome.com,Unknown,GB616431754,,,,,Chat support or email,
210,Petshop,PETSHOP,https://www.petshop.co.uk/,Unknown,GB111134971,bark@petshop.co.uk,,,,Email Customer Service,
211,Pharmeden,PHARMEDEN,https://www.pharmeden.co.uk/,Unknown,GR998943103,https://www.pharmeden.co.uk/contact-us-i3,,,,Invoice sent upon ordering,
212,Playmobil,PLAYMOBIL,https://www.playmobil.co.uk/,Unknown,,https://www.playmobil.co.uk/CustomerService-Contact,,,,sent thru email,
213,Polej,POLEJ,https://www.polejunkie.com/,Unknown,GB219812012,https://help.polejunkie.com/en-us/contact,,,,Email Customer Service,
214,Popin,POPIN,https://www.popinabox.co.uk/,Unknown,GB442381213,https://www.popinabox.co.uk/help-centre.list,,,,Contact numbers are not available,
215,Pound Shop,POUND SHOP,https://www.poundshop.com/,Unknown,GB179631766,https://www.poundland.co.uk/contact/index,,,,Fill out Contact Us form,
216,Prezzybox,PREZZYBOX,https://www.prezzybox.com,Unknown,,https://www.prezzybox.com/how-can-we-help/,,,,Email Customer Service,
217,Probikekit,PROBIKEKIT,https://www.probikekit.co.uk/,Unknown,GB974860768,https://www.probikekit.co.uk/help-centre.list,,,,Invoice will be sent thru email,
218,Puregusto,puregusto,https://www.puregusto.co.uk/,Unknown,GB173601423,https://www.puregusto.co.uk/support.php,,,,VAT invoices on all orders and one is sent with the goods and another is emailed also,
219,Qdstores,QDSTORES,https://www.qdstores.co.uk/,Unknown,GB385396701,customercare@qdstores.co.uk,,,,Email customer care,
220,Range,RANGE,https://www.therange.co.uk/,Unknown,GB591272335,https://www.therange.co.uk/contact/,,,,Email Customer Service,
221,Rawlins,RAWLINS,https://www.rawlinspaints.com/,Unknown,GB169738019,sales@rawlinspaints.com,,,,invoice will be sent thru email upon ordering,
222,Reliablemed,RELIABLEMED,https://www.reliablemedicare.co.uk/,Unknown,GB228061034,https://www.reliablemedicare.co.uk/contact/,,,,invoice will be sent thru email upon ordering,
223,Richer Sounds,RICHER SOUNDS,https://www.richersounds.com,Unknown,GB237678131,https://www.richersounds.com/repair,,,,Invoice sent upon ordering,
224,Robert Dyas,ROBERT DYAS,https://www.robertdyas.co.uk,Unknown,GB742720153,https://www.robertdyas.co.uk/contact-us,,,,invoice link provided to email upon order confirmation or Download from Account Dashboard,
225,Roov,ROOV,https://roov.co.uk/,Unknown,GB419047401,https://roov.co.uk/contact/,,,,Email customer care,
226,Ryman,RYMAN,https://www.ryman.co.uk/,Unknown,GB672523729,https://www.ryman.co.uk/contact-us,,,,Download from Order Page,
227,Sainsburys,SAINSBURYS,https://www.sainsburys.co.uk/,Unknown,GB660454836,https://help.sainsburys.co.uk/help,,,,sent invoice thru email after dispatch,
228,Sallybeauty,SALLYBEAUTY,https://www.sallybeauty.co.uk/,Unknown,GB260924169,https://help.sallybeauty.co.uk/hc/en-gb/requests/new?ticket_form_id=13225902182545,,,,Email customer care,
229,Samsung,SAMSUNG,https://www.samsung.com/uk,Unknown,GB689376366,https://www.samsung.com/uk/support/contact/,,,,"Product inquiry only, contact #/email not available",
230,Sana,SANA,https://www.sanareva.co.uk/,Unknown,FR14502801764,https://www.sanareva.co.uk/customer/ticket/new/,,,,Invoice will be sent thru email or Download from order page,
231,Sanareva,SANAREVA,https://www.sanareva.co.uk,Unknown,,,,,,Invoice will be sent thru email or Download from order page,
232,Sass & Belle,SASS & BELLE,https://www.sassandbelle.co.uk,Unknown,GB710698629,contact@sassandbelle.co.uk,,,,Email customer service,
233,Savers,SAVERS,https://www.savers.co.uk/,Unknown,GB777947160,help@savers.co.uk,,,,Chat customer support,Normally limits items to 6 per basket. Card will fail when trying multiple orders. Can attempt different card and squeeze in 2nd order. For multiple orders you will need to create multiple accounts and fudge details.
234,Scan,SCAN,https://www.scan.co.uk/,Unknown,GB597943370,https://www.scan.co.uk/help,,,,Download from Order page or fill out Contact Us form,
235,Screwfix,SCREWFIX,https://www.screwfix.com/,Unknown,GB232555575,https://www.screwfix.com/help/helphome,,,,Download from order page,
236,Selfridges,SELFRIDGES,https://www.selfridges.com/,Unknown,GB705325952,https://www.selfridges.com/GB/en/features/info/contact-us/,,,,Download from order page,
237,Sephora,SEPHORA,https://www.sephora.co.uk/,Unknown,GB113948805,,,,,CANNOT ACCESSED WEBISITE,
238,Shopto,SHOPTO,https://www.shopto.net/,Unknown,,,,,,"Do not have support email , need to call if you have query and not account holder",
239,Simply Games,SIMPLY GAMES,https://www.simplygames.com,Unknown,GB364019116,customer-services@simplygames.com,,,,,
240,Smart,SMART,https://www.smartteck.co.uk/,Unknown,,https://www.smartteck.co.uk/contact,,,,PAGE NOT WORKING,
241,Smiggle,SMIGGLE,https://www.smiggle.co.uk,Unknown,GB174358782,https://help.smiggle.co.uk/hc/en-gb/requests/new,,,,Invoice will be sent thru email,
242,Smyths,SMYTHS,https://www.smythstoys.com/,Yes,GB117254824,,,,true,Available on the order page,Generally dont care about qty limits unless its a very in demand item
243,Sonic Direct,SONIC DIRECT,https://www.sonicdirect.co.uk,Unknown,,https://www.sonicdirect.co.uk/content/contact.htm,,,,Invoice will be sent thru email,
244,Spacenk,SPACENK,https://www.spacenk.com/uk/home,Unknown,GB606138363,n.dulge@spacenk.co.uk,,,,Email Customer Service,
245,Sportm,SPORTM,https://www.sportamore.com/,Unknown,GB299688017,store@sportamore.com,,,,the delivery confirmation that was sent to you serves as a receipt for your purchase,
246,Sports Direct,SPORTS DIRECT,https://www.sportsdirect.com,Unknown,GB898439743,https://help.sportsdirect.com/en/support/home,None,None,true,"Invoice provided in the box, you can also email supplier.",
247,Sportsball,SPORTSBALL,https://www.sportsballshop.co.uk/,Unknown,GB685687368,sales@sportsballshop.co.uk,,,,,
248,Spot Light Oral Care,Spot Light Oral Care,https://spotlightoralcare.com/,Unknown,IE3415679KH,info@spotlightoralcare.com,,,,"If you require a VAT receipt please reply to the dispatch confirmation email we send to you stating that you require a VAT receipt. Alternatively, once you have received your goods, if you require a VAT receipt then please contact us and well arrange one for you.",
249,Staples,STAPLES,https://www.staples.co.uk,Unknown,GB391085740,https://www.staples.co.uk/Contact,,,,Email Customer Support,
250,Stort,STORT,https://stortfordtoys.com/,Unknown,GB133933712,https://stortfordtoys.com/contact/,,,,Email customer service after your order has been dispatched,
251,Stylevana,STYLEVANA,https://www.stylevana.com/,Unknown,,,,,,"do not charge VAT/customs fees on orders ",
252,Superdrug,SUPERDRUG,https://www.superdrug.com/,Unknown,GB777947160,https://www.superdrug.com/contact,,,,send email to customer service,
253,Tap Warehouse,TAP WAREHOUSE,https://www.tapwarehouse.com,Unknown,,https://www.tapwarehouse.com/help/contact,,,,request thru chat support,
254,Temptation,TEMPTATION,https://www.temptationgifts.com/,Unknown,GB697782359,customerservice@temptationgifts.com,,,,Email customer service,
255,Tesco,TESCO,https://www.tesco.com/,Unknown,GB220430231,https://www.tesco.com/help/contact,,,,Invoice will be sent thru email,
256,The Body Shop,THE BODY SHOP,https://www.thebodyshop.com/en-gb/,Unknown,GB543938615,https://support-gb.thebodyshop.com/hc/en-gb/requests/new,None,None,true,Email or use live chat. They will email them to you,
257,The Craft Company,THE CRAFT COMPANY,https://www.craftcompany.co.uk,Unknown,GB229105384,https://www.craftcompany.co.uk/contact-us/,,,,Email customer service,
258,The Entertainer,THE ENTERTAINER,https://www.thetoyshop.com,Unknown,GB285200909,https://theentertainer.zendesk.com/hc/en-gb/requests/new?ticket_form_id=360003026918,,,,Email customer service,
259,The Game Collection,THE GAME COLLECTION,https://www.thegamecollection.net,Unknown,GB862311250,support@thegamecollection.net,,,,Email customer service,
260,The Gamery,THE GAMERY,https://www.thegamery.co.uk,Unknown,GB214904623,customer@thegamery.co.uk,,,,Email customer service,
261,The Hut,THE HUT,https://www.thehut.com,Unknown,GB974860768,https://www.thehut.com/help-centre.list,,,,request thru Chat support,
262,The Pen Shop,The Pen Shop,https://www.penshop.co.uk/,Unknown,,Customerservice@penshop.co.uk,,,,Email customer service,
263,The Range,THE RANGE,https://www.therange.co.uk/login,Unknown,,,,,,Email Customer Support,
264,The Works,THE WORKS,https://www.theworks.co.uk,Unknown,GB135597879,https://www.theworks.co.uk/contact,,,,Fill out Contact Us form,
265,Thorntons,THORNTONS,https://www.thorntons.com/uk/en/,Unknown,GB172841360,customercare@thorntons.co.uk,,,,Fill out Contact Us form,
266,Timeforpaws,TIMEFORPAWS,https://www.timeforpaws.co.uk/,Unknown,,https://www.timeforpaws.co.uk/pages/contact-us,,,,Email Customer Service,
267,Tj Hughes,TJ HUGHES,https://www.tjhughes.co.uk,Unknown,,contact@tjhughes.co.uk,,,,"Email Customer Service ",
268,Tkmaxx,TKMAXX,https://www.tkmaxx.com/uk/en/,Unknown,GB662563524,https://www.tkmaxx.com/uk/en/contact-us-message,,,,Email Customer Service and it will be emailed to you within 28days,
269,Tool Station,TOOL STATION,https://www.toolstation.com,Unknown,GB408556737,https://www.toolstation.com/contact,,,,Download from order page or fill out Contact Us form,
270,Tools,TOOLS,https://www.toolstation.com/,Unknown,,,,,,Download from order page or fill out Contact Us form,
271,Toy Dip,TOY DIP,https://toydip.com,Unknown,GB221010939,https://toydip.com/pages/contact-us,,,,Email Customer Service,
272,Toys R Us,TOYS R US,https://www.toysrus.co.uk,Unknown,GB397324660,https://www.toysrus.co.uk/contact.html,,,,"Email Customer Service ",
273,Toyshop,TOYSHOP,https://www.thetoyshop.com/,Unknown,,,,,,Fill out Contact Us form,
274,Toyspound,TOYSPOUND,https://toysforapound.com/,Unknown,,info@toysforapound.com,,,,"Email Customer Service ",
275,Twinnings,TWINNINGS,https://twinings.co.uk/,Unknown,GB730168554,https://twinings.co.uk/pages/contact-us,,,,invoice link sent thru email after order has been placed,
276,Very,VERY,https://www.very.co.uk/,Unknown,GB163769628,https://www.very.co.uk/help/en/online-help-system.page#help-contact-us,,,,Invoices are available to view from Invoice Portal accessed through online account.,
277,Vetuk,VETUK,https://www.vetuk.co.uk/,Unknown,GB378276745,https://www.vetuk.co.uk/contact_us,,,,"Email Customer Service ",
278,Viking,VIKING,https://www.viking-direct.co.uk/,Unknown,,https://www.viking-direct.co.uk/en/customer-service/contact-us,,,,Download from online portal,
279,Viovet,VIOVET,https://www.viovet.co.uk/,Unknown,GB923297219,support@viovet.co.uk,,,,Invoice sent thru email or download from Track Previous Orders,
280,Vonhaus,VONHAUS,https://www.vonhaus.com/,Unknown,GB993263095,support@vonhaus.com,,,,"Email Customer Service ",
281,Waitrose,WAITROSE,https://www.waitrose.com/,Unknown,GB232457280,https://www.waitrose.com/ecom/help-information/customer-service/contact-us,,,,,
282,Waitrosepet,WAITROSEPET,https://www.waitrosepet.com/,Unknown,,,,,,,
283,Wayland,WAYLAND,https://www.waylandgames.co.uk/,Unknown,GB942355718,support@waylandgames.co.uk,,,,,
284,Weldricks,WELDRICKS,https://www.weldricks.co.uk/,Unknown,GB181563556,customerservices@weldricks.co.uk,,,,,
285,Whitecomp,WHITECOMP,https://www.thewhitecompany.com/uk/,Unknown,GB830479132,https://www.thewhitecompany.com/uk/help/contact-us,,,,Email customer service,
286,Whsmith,WHSMITH,https://www.whsmith.co.uk/,Unknown,GB238554836,support@whsmith.co.uk,,,,Email customer service,
287,Wickes,WICKES,https://www.wickes.co.uk,Unknown,GB336725881,https://www.wickes.co.uk/contactus,,,,Email customer service,
288,Wilko,WILKO,https://www.wilko.com/,Unknown,GB125596651,https://www.wilko.com/en-uk/help,,,,Fill out Contact Us form,
289,Winfields Outdoors,WINFIELDS OUTDOORS,https://www.winfieldsoutdoors.co.uk,Unknown,GB229864272,https://www.winfieldsoutdoors.co.uk/contact,,,,Email customer service,
290,Works,WORKS,https://www.theworks.co.uk/,Unknown,GB135597879,https://www.theworks.co.uk/contact,,,,Fill out Contact Us to request for an invoice,
291,Xs-Stock,XS-STOCK,https://www.xs-stock.co.uk,Unknown,GB410033079,support@xs-stock.co.uk,,,,"Chat support ",
292,Zatu,ZATU,https://www.board-game.co.uk,Yes,GB249581764,team@zatu.co.uk,None,None,true,Email customer services,Never had any issues with large orders or multiple orders
293,Zavvi,ZAVVI,https://www.zavvi.com/,Yes,GB442381213,Open Ticket,None,None,true,Open ticket from account,Never had any issues with large orders or multiple orders
294,Zestbeauty,ZESTBEAUTY,https://www.zestbeauty.com/,Unknown,GB128465304,customerservices@zestbeauty.com,,,,Email customer services,
295,Zooplus,ZOOPLUS,https://www.zooplus.co.uk,Unknown,GB922901342,https://support.zooplus.co.uk/en/support/tickets/new,,,,A VAT invoice will be sent via email and this can also be found in Orders Section,
296,Sweetcare,Sweetcare,,No,,https://www.sweetcare.com/contactus.aspx,,,,,Company in portugal and dont pay VAT or give VAT invoice
297,Kleinfeld,Kleinfeld,https://www.kleinfeld.co.uk/,SCAM,SCAM,SCAM,SCAM,SCAM,false,SCAM,SCAM
298,My Origines,My Origines,https://www.my-origines.com/,Unknown,Unknown,,,,,Unknown,
299,Electricalsonline,electricalsonline,https://www.electricalsonline.co.uk/,,,,,,,Invoice sent to email on order confirmation,
300,Iafstore,IAFStore,https://www.iafstore.com/ita,No,None,https://www.iafstore.com/ticket/tickets.asp,,,,Company is located in Italy and therefore does not pay VAT,
301,Pampa,Pampa,https://www.pampa.co.uk/,Unknown,GB595 818 972,,,,,Invoice sent to email on order confirmation,
302,Face The Future,Face The Future,https://www.facethefuture.co.uk/,No,GB213061169,shop@facethefuture.co.uk,,,,Email customer service,
303,Sweetcare,Sweetcare,https://www.sweetcare.com/,No,N/A,https://www.sweetcare.com/gb/contactus.aspx,None,None,true,Do not issue VAT invoice as they are based in Portugal,Stay under £135 to avoid import fees
304,UK Planet,UK Planet Tools,https://www.ukplanettools.co.uk/,Yes,,support@ukplanettools.co.uk,,,,Invoice sent to email after dispatch,